index,DOI,Title
0,10.1001/jama.2020.22171,Diagnosis and Treatment of Hip and Knee Osteoarthritis A Review
1,10.1001/jama.2023.15389,Ulcerative Colitis in Adults: A Review
2,10.1001/jama.2023.19524,Traditional Chinese Medicine Compound (Tongxinluo) and Clinical Outcomes of Patients With Acute Myocardial Infarction The CTS-AMI Randomized Clinical Trial
3,10.1001/jamainternmed.2023.0780,Effect of an Herbal-Based Injection on 28-Day Mortality in Patients With Sepsis The EXIT-SEP Randomized Clinical Trial
4,10.1002/adma.202200521,Immunoregulation in Diabetic Wound Repair with a Photoenhanced Glycyrrhizic Acid Hydrogel Scaffold
5,10.1002/adma.202207826,Plant-Derived Vesicle-Like Nanoparticles as Promising Biotherapeutic Tools: Present and Future
6,10.1002/alz.12258,Traditional Chinese medicine for dementia
7,10.1002/biof.1699,Luteolin as a modulator of skin aging and inflammation
8,10.1002/bmc.5106,"Spectrum-effect relationship between GC-QTOF-MS fingerprint and antioxidant, anti-inflammatory activities of Schizonepeta tenuifolia essential oil"
9,10.1002/cbdv.202100345,The Influence of Environmental Conditions on Secondary Metabolites in Medicinal Plants: A Literature Review
10,10.1002/hep.31749,Cordycepin Ameliorates Nonalcoholic Steatohepatitis by Activation of the AMP-Activated Protein Kinase Signaling Pathway
11,10.1002/hep.32163,Population screening for liver fibrosis: Toward early diagnosis and intervention for chronic liver diseases
12,10.1002/imt2.93,Research advances in probiotic fermentation of Chinese herbal medicines
13,10.1002/med.21743,Evolution of the adaptogenic concept from traditional use to medical systems: Pharmacology of stress- and aging-related diseases
14,10.1002/med.21762,Tripterygium wilfordii: An inspiring resource for rheumatoid arthritis treatment
15,10.1002/med.21768,"Cistanches Herba, from an endangered species to a big brand of Chinese medicine"
16,10.1002/med.21785,Phytochemistry and cardiovascular protective effects of Huang-Qi (Astragali Radix)
17,10.1002/med.21817,Mechanisms of neuronal cell death in ischemic stroke and their therapeutic implications
18,10.1002/med.21989,"The triangular relationship between traditional Chinese medicines, intestinal flora, and colorectal cancer"
19,10.1002/onco.13582,A Phase II Clinical Trial on the Combination Therapy of PHY906 Plus Capecitabine in Hepatocellular Carcinoma
20,10.1002/pca.3150,Rapid classification and identification of chemical components of Astragali radix by UPLC-Q-TOF-MS
21,10.1002/ptr.6818,"Chemical constituents, clinical efficacy and molecular mechanisms of the ethanol extract ofAbelmoschus manihotflowers in treatment of kidney diseases"
22,10.1002/ptr.7144,Quercetin and metabolic syndrome: A review
23,10.1007/s00018-020-03656-y,TLR4 and CD14 trafficking and its influence on LPS-induced pro-inflammatory signaling
24,10.1007/s00216-021-03302-x,An integrated strategy of MS-network-based offline 2DLC-QTOF-MS/MS coupled with UHPLC-QTRAP®-MS/MS for the characterization and quantification of the non-polysaccharides in Sijunzi decoction
25,10.1007/s10719-021-10013-z,Effect of steaming process on the structural characteristics and antioxidant activities of polysaccharides from Polygonatum sibiricum rhizomes
26,10.1007/s10753-021-01581-1,Emodin Attenuates LPS-Induced Acute Lung Injury by Inhibiting NLRP3 Inflammasome-Dependent Pyroptosis Signaling Pathway In vitro and In vivo
27,10.1007/s11010-021-04112-6,Astragaloside IV inhibits adriamycin-induced cardiac ferroptosis by enhancing Nrf2 signaling
28,10.1007/s11356-021-13121-3,Assessing the impact of climate change on the distribution of Osmanthus fragrans using Maxent
29,10.1007/s11655-019-3032-8,"Ethnopharmacology, Phytochemistry, Pharmacology, Toxicology and Clinical Applications of Radix Astragali"
30,10.1007/s13225-021-00474-w,"Taxonomic and phylogenetic contributions to Celtis formosana, Ficus ampelas, F. septica, Macaranga tanarius and Morus australis leaf litter inhabiting microfungi"
31,10.1007/s13225-021-00483-9,What are fungal species and how to delineate them?
32,10.1007/s13225-021-00486-6,Integrative approaches for species delimitation in Ascomycota
33,10.1007/s13225-021-00489-3,Fungal diversity notes 1387-1511: taxonomic and phylogenetic contributions on genera and species of fungal taxa
34,10.1007/s13225-023-00514-7,Freshwater fungi from karst landscapes in China and Thailand
35,10.1007/s13238-020-00784-w,Role of gut microbiota in identification of novel TCM-derived active metabolites
36,10.1007/s13238-020-00804-9,Targeting the alternative bile acid synthetic pathway for metabolic diseases
37,10.1016/j.aca.2021.339320,A novel hybrid scan approach enabling the ion-mobility separation and the alternate data-dependent and data-independent acquisitions (HDDIDDA): Its combination with off-line two-dimensional liquid chromatography for comprehensively characterizing the multicomponents from Compound Danshen Dripping Pill
38,10.1016/j.aca.2023.341015,Quality control of Hugan capsule based on four-wavelength fusion profiling and electrochemical fingerprint combined with antioxidant activity and chemometric analysis
39,10.1016/j.addr.2021.113964,Traditional herbal medicine and nanomedicine: Converging disciplines to improve therapeutic efficacy and human health
40,10.1016/j.apsb.2020.10.002,Identifying potential anti-COVID-19 pharmacological components of traditional Chinese medicine Lianhuaqingwen capsule based on human exposure and ACE2 biochromatography screening
41,10.1016/j.apsb.2020.12.017,Ginsenosides in Panax genus and their biosynthesis
42,10.1016/j.apsb.2020.12.020,"Clinical efficacies, underlying mechanisms and molecular targets of Chinese medicines for diabetic nephropathy treatment and management"
43,10.1016/j.apsb.2021.03.018,Integrative lipidomic and transcriptomic study unravels the therapeutic effects of saikosaponins A and D on non-alcoholic fatty liver disease
44,10.1016/j.apsb.2021.03.024,A comprehensive review of integrative pharmacology-based investigation: A paradigm shift in traditional Chinese medicine
45,10.1016/j.apsb.2021.07.023,Targeting PI3K/AKT signaling for treatment of idiopathic pulmonary fibrosis
46,10.1016/j.apsb.2021.09.008,Traditional Chinese medicine in COVID-19
47,10.1016/j.apsb.2023.02.005,The traditional Chinese medicines treat chronic heart failure and their main bioactive constituents and mechanisms
48,10.1016/j.aqrep.2022.101081,"Effects of herbal extracts (Foeniculum vulgare and Artemisia annua) on growth, liver antioxidant capacity, intestinal morphology and microorganism of juvenile largemouth bass, Micropterus salmoides"
49,10.1016/j.aquaculture.2022.738768,Clostridium butyricum-fermented Chinese herbal medicine enhances the immunity by modulating the intestinal microflora of largemouth bass (Micropterus salmoides)
50,10.1016/j.arr.2022.101619,Oxidative stress: The core pathogenesis and mechanism of Alzheimer's disease
51,10.1016/j.arr.2023.101910,Kaempferol as a therapeutic agent in Alzheimer?s disease: Evidence from preclinical studies
52,10.1016/j.arr.2023.101981,Prevention and treatment of inflammatory arthritis with traditional Chinese medicine: Underlying mechanisms based on cell and molecular targets
53,10.1016/j.autrev.2021.103017,The influence of cytokines on the complex pathology of ulcerative colitis
54,10.1016/j.bbcan.2023.188890,"GPX4: The hub of lipid oxidation, ferroptosis, disease and treatment"
55,10.1016/j.bbr.2021.113138,Saikosaponin A improved depression -like behavior and inhibited hippocampal neuronal apoptosis after cerebral ischemia through p-CREB/BDNF pathway
56,10.1016/j.biopha.2020.110857,Therapeutic mechanisms of traditional Chinese medicine to improve metabolic diseases via the gut microbiota
57,10.1016/j.biopha.2020.110917,The main bioactive compounds of Scutellaria baicalensis Georgi. for alleviation of inflammatory cytokines: A comprehensive review
58,10.1016/j.biopha.2020.110968,Traditional Chinese medicine compounds regulate autophagy for treating neurodegenerative disease: A mechanism review
59,10.1016/j.biopha.2020.111037,A traditional Chinese medicine formula NRICM101 to target COVID-19 through multiple pathways: A bedside-to-bench study
60,10.1016/j.biopha.2020.111044,Anticancer activities of TCM and their active components against tumor metastasis
61,10.1016/j.biopha.2021.111267,The direct evidence and mechanism of traditional Chinese medicine treatment of COVID-19
62,10.1016/j.biopha.2021.111287,Cardioprotection of Panax Notoginseng saponins against acute myocardial infarction and heart failure through inducing autophagy
63,10.1016/j.biopha.2021.111332,"A review of the biological activity and pharmacology of cryptotanshinone, an important active constituent in Danshen"
64,10.1016/j.biopha.2021.111381,Traditional Chinese medicine and lung cancer-From theory to practice
65,10.1016/j.biopha.2021.111979,Traditional Chinese medicine as a therapeutic option for cardiac fibrosis: Pharmacology and mechanisms
66,10.1016/j.biopha.2021.111998,The mechanisms and clinical application of Traditional Chinese Medicine Lianhua-Qingwen capsule
67,10.1016/j.biopha.2021.112104,Plantanone C attenuates LPS-stimulated inflammation by inhibiting NF-κB/iNOS/COX-2/MAPKs/Akt pathways in RAW 264.7 macrophages
68,10.1016/j.biopha.2021.112241,Antiproliferative and palliative activity of flavonoids in colorectal cancer
69,10.1016/j.biopha.2021.112542,Traditional Chinese medicine for precancerous lesions of gastric cancer: A review
70,10.1016/j.biopha.2022.112719,Therapeutic targets of neuroprotection and neurorestoration in ischemic stroke: Applications for natural compounds from medicinal herbs
71,10.1016/j.biopha.2022.112836,Formononetin protects against inflammation associated with cerebral ischemia-reperfusion injury in rats by targeting the JAK2/STAT3 signaling pathway
72,10.1016/j.biopha.2022.113180,Anti-inflammatory and immunoregulatory effects of icariin and icaritin
73,10.1016/j.biopha.2022.113207,New insights into the role and mechanisms of ginsenoside Rg1 in the management of Alzheimer's disease
74,10.1016/j.biopha.2022.113208,Signal pathways in the treatment of Alzheimer's disease with traditional Chinese medicine
75,10.1016/j.biopha.2022.114086,The role and mechanism of flavonoid herbal natural products in ulcerative colitis
76,10.1016/j.biopha.2023.114385,Chaihu-Shugan-San inhibits neuroinflammation in the treatment of post-stroke depression through the JAK/STAT3-GSK38/PTEN/Akt pathway
77,10.1016/j.biopha.2023.115210,Identification of bioactive compounds and potential mechanisms of scutellariae radix-coptidis rhizoma in the treatment of atherosclerosis by integrating network pharmacology and experimental validation
78,10.1016/j.biopha.2023.115809,Progress of research into the pharmacological effect and clinical application of the traditional Chinese medicine Rehmanniae Radix
79,10.1016/j.carbpol.2021.117863,"Extraction, purification, structural characteristics and biological properties of the polysaccharides from Codonopsis pilosula: A review"
80,10.1016/j.cbi.2022.110117,Multifunctional roles and pharmacological potential of β-sitosterol: Emerging evidence toward clinical applications
81,10.1016/j.cell.2021.04.015,Mechanisms and disease consequences of nonalcoholic fatty liver disease
82,10.1016/j.cell.2022.06.003,"Ferroptosis turns 10: Emerging mechanisms, physiological functions, and therapeutic applications"
83,10.1016/j.chroma.2021.461916,Advances in cell membrane chromatography
84,10.1016/j.chroma.2021.462307,"Classification-based strategies to simplify complex traditional Chinese medicine (TCM) researches through liquid chromatography-mass spectrometry in the last decade (2011-2020): Theory, technical route and difficulty"
85,10.1016/j.chroma.2023.464196,Thorough evaluation of the Chinese medicine preparations and intermediates using high performance liquid chromatography fingerprints and ultraviolet quantum fingerprints along with antioxidant activity: Shuanghuanglian oral solution as an example
86,10.1016/j.cmet.2022.09.017,Gut-liver axis: Pathophysiological concepts and clinical implications
87,10.1016/j.compbiolchem.2020.107358,Exploration of the mechanism of Zisheng Shenqi decoction against gout arthritis using network pharmacology
88,10.1016/j.compbiolchem.2020.107402,A comprehensive application: Molecular docking and network pharmacology for the prediction of bioactive constituents and elucidation of mechanisms of action in component-based Chinese medicine
89,10.1016/j.compbiomed.2022.105389,Network pharmacology prediction and molecular docking-based strategy to explore the potential mechanism of Huanglian Jiedu Decoction against sepsis
90,10.1016/j.compbiomed.2022.105454,"Mechanisms underlying the therapeutic effects of Qingfeiyin in treating acute lung injury based on GEO datasets, network pharmacology and molecular docking"
91,10.1016/j.csbj.2021.01.033,Integrated metabolomics and network pharmacology to reveal the mechanisms of hydroxysafflor yellow A against acute traumatic brain injury
92,10.1016/j.csbj.2021.05.015,The DisGeNET cytoscape app: Exploring and visualizing disease genomics data
93,10.1016/j.diabres.2021.109119,"IDF Diabetes Atlas: Global, regional and country-level diabetes prevalence estimates for 2021 and projections for 2045"
94,10.1016/j.drudis.2021.09.007,Machine-learning methods for ligand-protein molecular docking
95,10.1016/j.ecoinf.2021.101324,Modeling habitat suitability of Houttuynia cordata Thunb (Ceercao) using MaxEnt under climate change in China
96,10.1016/j.ecolind.2021.107376,Assessing the impacts of climate change and habitat suitability on the distribution and quality of medicinal plant using multiple information integration: Take Gentiana rigescens as an example
97,10.1016/j.ecolind.2021.107762,Prediction of potentially suitable areas for the introduction of Magnolia wufengensis under climate change
98,10.1016/j.ecolind.2021.108256,Analysis of the distribution pattern of Chinese Ziziphus jujuba under climate change based on optimized biomod2 and MaxEnt models
99,10.1016/j.ejmech.2020.112563,A review on the structure and pharmacological activity of phenylethanoid glycosides
100,10.1016/j.ejmech.2022.114892,Research progress on polysaccharide components of Cistanche deserticola as potential pharmaceutical agents
101,10.1016/j.ejphar.2020.173735,"Atractylenolides, essential components of Atractylodes-based traditional herbal medicines: Antioxidant, anti-inflammatory and anticancer properties"
102,10.1016/j.ejphar.2021.173976,Research progress in use of traditional Chinese medicine monomer for treatment of non-alcoholic fatty liver disease
103,10.1016/j.ejphar.2021.174518,Astragalus polysaccharide prevents ferroptosis in a murine model of experimental colitis and human Caco-2 cells via inhibiting NRF2/HO-1 pathway
104,10.1016/j.foodchem.2021.130610,Ingredients with anti-inflammatory effect from medicine food homology plants
105,10.1016/j.foodchem.2021.130965,Characterizing the influence of different drying methods on chemical components of Panax notoginseng leaves by heart-cutting two-dimensional liquid chromatography coupled to orbitrap high-resolution mass spectrometry
106,10.1016/j.foodchem.2022.132531,"Plant flavonoids: Classification, distribution, biosynthesis, and antioxidant activity"
107,10.1016/j.foodres.2023.113514,Integrated metabolomics and network pharmacology to reveal antioxidant mechanisms and potential pharmacological ingredients of citrus herbs
108,10.1016/j.fsi.2021.11.015,"Impacts of Aegle marmelos fruit extract as a medicinal herb on growth performance, antioxidant and immune responses, digestive enzymes, and disease resistance against Streptococcus agalactiae in Nile tilapia (Oreochromis niloticus)"
109,10.1016/j.fsi.2022.05.036,The effective components of herbal medicines used for prevention and control of fish diseases
110,10.1016/j.ijbiomac.2020.10.259,Scutellaria baicalensis Georgi polysaccharide ameliorates DSS-induced ulcerative colitis by improving intestinal barrier function and modulating gut microbiota
111,10.1016/j.ijbiomac.2021.05.213,"Extraction, structure, pharmacological activities and drug carrier applications of Angelica sinensis polysaccharide"
112,10.1016/j.ijbiomac.2021.06.100,Structural characterization and immunomodulatory activities of two polysaccharides from Rehmanniae Radix Praeparata
113,10.1016/j.ijbiomac.2023.124386,Structural characterization and anti-inflammatory activity of polysaccharides from Astragalus membranaceus
114,10.1016/j.immuni.2021.12.013,"Inflammation in obesity, diabetes, and related disorders"
115,10.1016/j.imr.2021.100775,Chinese herbal medicine (Bu-Shen-Tian-Jing Formula) for outcomes of IVF in Chinese patients with polycystic ovary syndrome: a retrospective cohort study
116,10.1016/j.indcrop.2021.114416,Assessment of suitable cultivation region for Panax notoginseng under different climatic conditions using MaxEnt model and high-performance liquid chromatography in China
117,10.1016/j.indcrop.2023.116515,"Assessment of Chinese suitable habitats of Zanthoxylum nitidum in different climatic conditions by Maxent model, HPLC, and chemometric methods"
118,10.1016/j.intimp.2020.107335,Astragaloside IV promotes microglia/macrophages M2 polarization and enhances neurogenesis and angiogenesis through PPARγ pathway after cerebral ischemia/reperfusion injury in rats
119,10.1016/j.jare.2021.06.023,Activation of Nrf2/HO-1 signaling: An important molecular mechanism of herbal medicine in the treatment of atherosclerosis via the protection of vascular endothelial cells from oxidative stress
120,10.1016/j.jare.2021.11.012,Natural triterpenoids from licorice potently inhibit SARS-CoV-2 infection
121,10.1016/j.jclepro.2020.123856,Comprehensive utilization of Chinese medicine residues for industry and environment protection: Turning waste into treasure
122,10.1016/j.jconrel.2023.01.071,Yam-derived exosome-like nanovesicles stimulate osteoblast formation and prevent osteoporosis in mice
123,10.1016/j.jep.2020.112800,San Wu Huangqin decoction regulates inflammation and immune dysfunction induced by influenza virus by regulating the NF-κB signaling pathway in H1N1-infected mice
124,10.1016/j.jep.2020.113021,Xiaoyaosan decoction alleviated rat liver fibrosis via the TGFβ/Smad and Akt/FoxO3 signaling pathways based on network pharmacology analysis
125,10.1016/j.jep.2020.113052,Salvia miltiorrhiza stems and leaves total phenolic acids combination with tanshinone protect against DSS-induced ulcerative colitis through inhibiting TLR4/PI3K/AKT/mTOR signaling pathway in mice
126,10.1016/j.jep.2020.113249,The signaling pathways and targets of traditional Chinese medicine and natural medicine in triple-negative breast cancer
127,10.1016/j.jep.2020.113267,Effects of Chinese herbal medicines on dementia risk in patients with sleep disorders in Taiwan
128,10.1016/j.jep.2020.113280,Combination of polysaccharides from Astragalus membranaceus and Codonopsis pilosula ameliorated mice colitis and underlying mechanisms
129,10.1016/j.jep.2020.113281,Integrated network pharmacology and metabolomics to dissect the combination mechanisms of Bupleurum chinense DC-Paeonia lactiflora Pall herb pair for treating depression
130,10.1016/j.jep.2020.113301,"The current evidence for the treatment of sepsis with Xuebijing injection: Bioactive constituents, findings of clinical studies and potential mechanisms"
131,10.1016/j.jep.2020.113357,Baitouweng decoction alleviates dextran sulfate sodium-induced ulcerative colitis by regulating intestinal microbiota and the IL-6/STAT3 signaling pathway
132,10.1016/j.jep.2020.113415,"Atractylodis Rhizoma: A review of its traditional uses, phytochemistry, pharmacology, toxicology and quality control"
133,10.1016/j.jep.2020.113548,Huangkui capsule in combination with metformin ameliorates diabetic nephropathy via the Klotho/TGF-β1/p38MAPK signaling pathway
134,10.1016/j.jep.2020.113549,Integrating hippocampal metabolomics and network pharmacology deciphers the antidepressant mechanisms of Xiaoyaosan
135,10.1016/j.jep.2020.113571,"Sparganii Rhizoma: A review of traditional clinical application, processing, phytochemistry, pharmacology, and toxicity"
136,10.1016/j.jep.2020.113641,Exploration of the potential mechanism of the Tao Hong Si Wu Decoction for the treatment of postpartum blood stasis based on network pharmacology and in vivo experimental verification
137,10.1016/j.jep.2020.113685,"Medicinal plants from the 14th edition of the Russian Pharmacopoeia, recent updates"
138,10.1016/j.jep.2021.113838,Taohong siwu decoction attenuates myocardial fibrosis by inhibiting fibrosis proliferation and collagen deposition via TGFBR1 signaling pathway
139,10.1016/j.jep.2021.113854,Potential effect of Maxing Shigan decoction against coronavirus disease 2019 (COVID-19) revealed by network pharmacology and experimental verification
140,10.1016/j.jep.2021.113869,Chinese herbal medicine: Fighting SARS-CoV-2 infection on all fronts
141,10.1016/j.jep.2021.113893,Zuojin Pill ameliorates chronic atrophic gastritis induced by MNNG through TGF-β1/PI3K/Akt axis
142,10.1016/j.jep.2021.113988,Integrated serum pharmacochemistry and network pharmacological analysis used to explore possible anti-rheumatoid arthritis mechanisms of the Shentong-Zhuyu decoction
143,10.1016/j.jep.2021.114063,Antiviral effect of fufang yinhua jiedu (FFYH) granules against influenza A virus through regulating the inflammatory responses by TLR7/MyD88 signaling pathway
144,10.1016/j.jep.2021.114293,"The traditional uses, phytochemistry, and pharmacological properties of Paris L. (Liliaceae): A review"
145,10.1016/j.jep.2021.114368,Traditional herbal medicine: Therapeutic potential in rheumatoid arthritis
146,10.1016/j.jep.2021.114431,Si-Wu-Tang facilitates ovarian function through improving ovarian microenvironment and angiogenesis in a mouse model of premature ovarian failure
147,10.1016/j.jep.2021.114482,Theory of the exterior-interior relationship between the lungs and the large intestine to explore the mechanism of Eriobotrya japonica leaf water extract in the treatment of cough variant asthma
148,10.1016/j.jep.2021.114615,Network pharmacology-based approach to understand the effect and mechanism of Danshen against anemia
149,10.1016/j.jep.2021.114648,"Isatidis Radix and Isatidis Folium: A systematic review on ethnopharmacology, phytochemistry and pharmacology"
150,10.1016/j.jep.2021.114667,Salvianolic acid B and ferulic acid synergistically promote angiogenesis in HUVECs and zebrafish via regulating VEGF signaling
151,10.1016/j.jep.2021.114699,"Integrated lipidomics, transcriptomics and network pharmacology analysis to reveal the mechanisms of Danggui Buxue Decoction in the treatment of diabetic nephropathy in type 2 diabetes mellitus"
152,10.1016/j.jep.2021.114739,Ginseng root extract attenuates inflammation by inhibiting the MAPK/NF-κB signaling pathway and activating autophagy and p62-Nrf2-Keap1 signaling in vitro and in vivo
153,10.1016/j.jep.2021.114759,"A comprehensive review of ethnopharmacology, phytochemistry, pharmacology, and pharmacokinetics of Schisandra chinensis (Turcz.) Baill. and Schisandra sphenanthera Rehd. et Wils."
154,10.1016/j.jep.2021.114820,"A systematic review on botany, processing, application, phytochemistry and pharmacological action of Radix Rehmnniae"
155,10.1016/j.jep.2021.114830,"Efficacy and safety of Bufei Huoxue capsules in the management of convalescent patients with COVID-19 infection: A multicentre, double-blind, and randomised controlled trial"
156,10.1016/j.jep.2021.114960,Canonical Chinese medicine formula Danzhi-Xiaoyao-San for treating depression: A systematic review and meta-analysis
157,10.1016/j.jep.2022.114984,"A review of the ethnopharmacology, phytochemistry, pharmacology and toxicology of Fructus Gardeniae (Zhi-zi)"
158,10.1016/j.jep.2022.115021,Rehmannioside A improves cognitive impairment and alleviates ferroptosis via activating PI3K/AKT/Nrf2 and SLC7A11/GPX4 signaling pathway after ischemia
159,10.1016/j.jep.2022.115084,Potential activity of Traditional Chinese Medicine against Ulcerative colitis: A review
160,10.1016/j.jep.2022.115169,Efficacy and safety of the Chinese herbal medicine Xiao-qing-long-tang for allergic rhinitis: A systematic review and meta-analysis of randomized controlled trials
161,10.1016/j.jep.2022.115257,Pharmacological activities and pharmacokinetics of liquiritin: A review
162,10.1016/j.jep.2022.115339,Network pharmacology and experimental validation-based approach to understand the effect and mechanism of Taohong Siwu Decoction against ischemic stroke
163,10.1016/j.jep.2022.115594,"Licorice: Resources, applications in ancient and modern times"
164,10.1016/j.jep.2022.115650,"A comprehensive review on ethnopharmacological, phytochemical, pharmacological and toxicological evaluation, and quality control of Pinellia ternata (Thunb.) Breit."
165,10.1016/j.jep.2022.115690,Xianglian Pill attenuates ulcerative colitis through TLR4/MyD88/NF-κB signaling pathway
166,10.1016/j.jep.2022.115784,Protection of Taohong Siwu Decoction on PC12 cells injured by oxygen glucose deprivation/reperfusion via mitophagy-NLRP3 inflammasome pathway in vitro
167,10.1016/j.jep.2022.115838,"Ethnopharmacological use, pharmacology, toxicology, phytochemistry, and progress in Chinese crude drug processing of the lateral root of Aconitum carmichaelii Debeaux. (Fuzi): A review"
168,10.1016/j.jep.2022.115842,Network and experimental pharmacology on mechanism of Si-Wu-tang improving ovarian function in a mouse model of premature ovarian failure induced by cyclophosphamide
169,10.1016/j.jep.2022.115876,Mechanism of Sijunzi Decoction in the treatment of colorectal cancer based on network pharmacology and experimental validation
170,10.1016/j.jep.2022.116011,Tongxinluo attenuates atherosclerosis by inhibiting ROS/NLRP3/caspase-1-mediated endothelial cell pyroptosis
171,10.1016/j.jep.2022.116112,Analysis of the mechanism of Buyang Huanwu Decoction against cerebral ischemia-reperfusion by multi-omics
172,10.1016/j.jep.2022.116132,"Extraction, structure and bioactivities of polysaccharides from Rehmannia glutinosa: A review"
173,10.1016/j.jep.2023.116153,"Ephedrae herba: A comprehensive review of its traditional uses, phytochemistry, pharmacology, and toxicology"
174,10.1016/j.jep.2023.116229,Advances in traditional Chinese medicine for the treatment of chronic obstructive pulmonary disease
175,10.1016/j.jep.2023.116306,"Network pharmacology, a promising approach to reveal the pharmacology mechanism of Chinese medicine formula"
176,10.1016/j.jep.2023.116505,Dachaihu decoction ameliorates septic intestinal injury via modulating the gut microbiota and glutathione metabolism as revealed by multi-omics
177,10.1016/j.jep.2023.116628,Spectrum-effect relationship study to reveal the pharmacodynamic substances in Flos Puerariae-Semen Hoveniae medicine pair for the treatment of alcohol-induced liver damage
178,10.1016/j.jep.2023.116667,Tanshinone IIA mediates protection from diabetes kidney disease by inhibiting oxidative stress induced pyroptosis
179,10.1016/j.jep.2023.116697,Bioactive components and molecular mechanisms of Salvia miltiorrhiza Bunge in promoting blood circulation to remove blood stasis
180,10.1016/j.jep.2023.116790,Topical Chinese herbal medicine in treating atopic dermatitis (eczema): A systematic review and meta-analysis with core herbs exploration
181,10.1016/j.jep.2023.116879,"Traditional Chinese Medicine: A promising strategy to regulate the imbalance of bacterial flora, impaired intestinal barrier and immune function attributed to ulcerative colitis through intestinal microecology"
182,10.1016/j.jep.2023.117090,Spectrum-effect relationship combined with bioactivity evaluation to discover the main anxiolytic active components of Baihe Dihuang decoction
183,10.1016/j.jep.2023.117110,Zhisou powder displays therapeutic effect on chronic bronchitis through inhibiting PI3K/Akt/HIF-1α/VEGFA signaling pathway and reprograming metabolic pathway of arachidonic acid
184,10.1016/j.jep.2023.117262,Fuling-Zexie formula attenuates hyperuricemia-induced nephropathy and inhibits JAK2/STAT3 signaling and NLRP3 inflammasome activation in mice
185,10.1016/j.jep.2024.118166,Chinese herbal medicine bath therapy for psoriasis vulgaris using topical calcipotriol as the comparator: A systematic review with meta-analysis and association rule analysis
186,10.1016/j.jff.2020.104149,Potential compound from herbal food of Rhizoma Polygonati for treatment of COVID-19 analyzed by network pharmacology: Viral and cancer signaling mechanisms
187,10.1016/j.jhazmat.2021.125142,Investigation of toxic heavy metals content and estimation of potential health risks in Chinese herbal medicine
188,10.1016/j.jpba.2020.113771,Chemical profiling and quality evaluation of Zhishi-Xiebai-Guizhi Decoction by UPLC-Q-TOF-MS and UPLC fingerprint
189,10.1016/j.jpba.2020.113820,Comprehensive analysis of Huanglian Jiedu decoction: Revealing the presence of a self-assembled phytochemical complex in its naturally-occurring precipitate
190,10.1016/j.jpba.2022.115075,Study on quality control of Zuojin pill by HPLC fingerprint with quantitative analysis of multi-components by single marker method and antioxidant activity analysis
191,10.1016/j.jpha.2020.11.008,Development of chromatographic technologies for the quality control of Traditional Chinese Medicine in the Chinese Pharmacopoeia
192,10.1016/j.jpha.2022.05.001,Multimodal integrated strategy for the discovery and identification of quality markers in traditional Chinese medicine
193,10.1016/j.jpha.2023.03.008,DNA barcoding in herbal medicine: Retrospective and prospective
194,10.1016/j.kint.2022.10.030,Targeting inflammation to treat diabetic kidney disease: the road to 2030
195,10.1016/j.lfs.2020.119008,Luteolin alleviates inflammation and modulates gut microbiota in ulcerative colitis rats
196,10.1016/j.lfs.2021.119921,"Ferulic acid: A review of its pharmacology, pharmacokinetics and derivatives"
197,10.1016/j.lfs.2022.120752,Naringenin: A potential flavonoid phytochemical for cancer therapy
198,10.1016/j.molcel.2022.03.022,Ferroptosis at the intersection of lipid metabolism and cellular signaling
199,10.1016/j.molp.2023.09.010,"TBtools-II: A ""one for all, all for one""bioinformatics platform for biological big-data mining"
200,10.1016/j.pharmthera.2021.107843,Traditional Chinese Medicine (TCM) in the treatment of COVID-19 and other viral infections: Efficacies and mechanisms
201,10.1016/j.phrs.2020.105187,Current Policies and Measures on the Development of Traditional Chinese Medicine in China
202,10.1016/j.phrs.2020.105224,Natural product derived phytochemicals in managing acute lung injury by multiple mechanisms
203,10.1016/j.phrs.2020.105358,Berberine improves colitis by triggering AhR activation by microbial tryptophan catabolites
204,10.1016/j.phrs.2020.105384,Cryptotanshinone specifically suppresses NLRP3 inflammasome activation and protects against inflammasome-mediated diseases
205,10.1016/j.phrs.2021.105444,Baicalin and the liver-gut system: Pharmacological bases explaining its therapeutic effects
206,10.1016/j.phrs.2021.105599,"Suppression of apoptosis in vascular endothelial cell, the promising way for natural medicines to treat atherosclerosis"
207,10.1016/j.phrs.2021.105690,A review of pharmacological and pharmacokinetic properties of Forsythiaside A
208,10.1016/j.phrs.2021.105694,Main active components of Jiawei Gegen Qinlian decoction protects against ulcerative colitis under different dietary environments in a gut microbiota-dependent manner
209,10.1016/j.phrs.2021.105728,Metabolic reprogramming by traditional Chinese medicine and its role in effective cancer therapy
210,10.1016/j.phrs.2021.105849,Traditional Chinese medicine in the treatment of nonalcoholic steatohepatitis
211,10.1016/j.phrs.2021.106000,Elucidation of the anti-inflammatory mechanism of Er Miao San by integrative approach of network pharmacology and experimental verification
212,10.1016/j.phrs.2022.106083,Xuanfei Baidu Decoction reduces acute lung injury by regulating infiltration of neutrophils and macrophages via PD-1/IL17A pathway
213,10.1016/j.phrs.2022.106099,Targeting Akt/CREB/BDNF signaling pathway by ginsenosides in neurodegenerative diseases: A mechanistic approach
214,10.1016/j.phrs.2022.106419,Flavonoids regulate tumor-associated macrophages - From structure-activity relationship to clinical potential (Review)
215,10.1016/j.phrs.2023.106682,Integrating network analysis and experimental validation to reveal the mitophagy-associated mechanism of Yiqi Huoxue (YQHX) prescription in the treatment of myocardial ischemia/reperfusion injury
216,10.1016/j.phrs.2023.107032,Baicalin and baicalein in modulating tumor microenvironment for cancer treatment: A comprehensive review with future perspectives
217,10.1016/j.phrs.2024.107090,The therapeutic effects of saikosaponins on depression through the modulation of neuroplasticity: From molecular mechanisms to potential clinical applications
218,10.1016/j.phymed.2020.153242,"Efficacy and safety of Lianhuaqingwen capsules, a repurposed Chinese herb, in patients with coronavirus disease 2019: A multicenter, prospective, randomized controlled trial"
219,10.1016/j.phymed.2020.153282,The add-on effect of Chinese herbal medicine on COVID-19: A systematic review and meta-analysis
220,10.1016/j.phymed.2020.153308,Prevention and treatment of COVID-19 using Traditional Chinese Medicine: A review
221,10.1016/j.phymed.2020.153315,"Systems pharmacological study illustrates the immune regulation, anti-infection, anti-inflammation, and multi-organ protection mechanism of Qing-Fei-Pai-Du decoction in the treatment of COVID-19"
222,10.1016/j.phymed.2020.153337,Traditional Chinese herbal medicine at the forefront battle against COVID-19: Clinical experience and scientific basis
223,10.1016/j.phymed.2020.153367,Efficacy and safety of Chinese herbal medicine versus Lopinavir-Ritonavir in adult patients with coronavirus disease 2019: A non-randomized controlled trial
224,10.1016/j.phymed.2020.153390,"Shufeng Jiedu, a promising herbal therapy for moderate COVID-19: Antiviral and anti-inflammatory properties, pathways of bioactive compounds, and a clinical real-world pragmatic study"
225,10.1016/j.phymed.2020.153401,"Network pharmacology, molecular docking integrated surface plasmon resonance technology reveals the mechanism of Toujie Quwen Granules against coronavirus disease 2019 pneumonia"
226,10.1016/j.phymed.2020.153443,"The discovery of Q-markers of Qiliqiangxin Capsule, a traditional Chinese medicine prescription in the treatment of chronic heart failure, based on a novel strategy of multi-dimensional ""radar chart"" mode evaluation"
227,10.1016/j.phymed.2021.153471,0 Total glycosides from stems of Cistanche tubulosa alleviate depression-like behaviors: bidirectional interaction of the phytochemicals and gut microbiota
228,10.1016/j.phymed.2021.153475,"A chinese herbal formula ameliorates COPD by inhibiting the inflammatory response via downregulation of p65, JNK, and p38"
229,10.1016/j.phymed.2021.153519,Gegen Qinlian decoction relieved DSS-induced ulcerative colitis in mice by modulating Th17/Treg cell homeostasis via suppressing IL-6/JAK2/STAT3 signaling
230,10.1016/j.phymed.2021.153522,Wutou decoction ameliorates experimental rheumatoid arthritis via regulating NF-kB and Nrf2: Integrating efficacy-oriented compatibility of traditional Chinese medicine
231,10.1016/j.phymed.2021.153535,Discovery of potential Q-marker of traditional Chinese medicine based on plant metabolomics and network pharmacology: Periplocae Cortex as an example
232,10.1016/j.phymed.2021.153544,Si Miao Formula attenuates non-alcoholic fatty liver disease by modulating hepatic lipid metabolism and gut microbiota
233,10.1016/j.phymed.2021.153551,"Shuganning injection, a traditional Chinese patent medicine, induces ferroptosis and suppresses tumor growth in triple-negative breast cancer cells"
234,10.1016/j.phymed.2021.153612,Traditional Chinese medicine shenhuang granule in patients with severe/critical COVID-19: A randomized controlled multicenter trial
235,10.1016/j.phymed.2021.153631,"Dihydroberberine, an isoquinoline alkaloid, exhibits protective effect against dextran sulfate sodium-induced ulcerative colitis in mice"
236,10.1016/j.phymed.2021.153669,Paeoniflorin: A neuroprotective monoterpenoid glycoside with promising anti-depressive properties
237,10.1016/j.phymed.2021.153698,The anti-cancerous activity of adaptogenic herb Astragalus membranaceus
238,10.1016/j.phymed.2021.153743,"Shaoyao decoction attenuates DSS-induced ulcerative colitis, macrophage and NLRP3 inflammasome activation through the MKP1/NF-κB pathway"
239,10.1016/j.phymed.2021.153798,Cardioprotective activity of ethyl acetate extract of Cinnamomi Ramulus against myocardial ischemia/reperfusion injury in rats via inhibiting NLRP3 inflammasome activation and pyroptosis
240,10.1016/j.phymed.2021.153812,Qing-Xue-Xiao-Zhi formula attenuates atherosclerosis by inhibiting macrophage lipid accumulation and inflammatory response via TLR4/MyD88/NF-κB pathway regulation
241,10.1016/j.phymed.2021.153837,Network pharmacology to unveil the mechanism of Moluodan in the treatment of chronic atrophic gastritis
242,10.1016/j.phymed.2021.153881,Integrating network pharmacology deciphers the action mechanism of Zuojin capsule in suppressing colorectal cancer
243,10.1016/j.phymed.2021.153918,Biological active ingredients of Astragali Radix and its mechanisms in treating cardiovascular and cerebrovascular diseases
244,10.1016/j.phymed.2022.154052,"Huangqin decoction ameliorates DSS-induced ulcerative colitis: Role of gut microbiota and amino acid metabolism, mTOR pathway and intestinal epithelial barrier"
245,10.1016/j.phymed.2022.154177,Identification of the active compounds and functional mechanisms of Jinshui Huanxian formula in pulmonary fibrosis by integrating serum pharmacochemistry with network pharmacology
246,10.1016/j.phymed.2022.154312,An evidence-based evaluation of Buyang Huanwu decoction for the treatment of the sequelae of stroke: A PRISMA-compliant systematic review and meta-analysis of randomized controlled trials
247,10.1016/j.phymed.2022.154313,Identifying quality markers of Mailuoshutong pill against thromboangiitis obliterans based on chinmedomics strategy
248,10.1016/j.phymed.2022.154384,"Combining network pharmacology, RNA-seq, and metabolomics strategies to reveal the mechanism of Cimicifugae Rhizoma - Smilax glabra Roxb herb pair for the treatment of psoriasis"
249,10.1016/j.phymed.2022.154538,Mechanism of action of Daqinjiao decoction in treating cerebral small vessel disease explored using network pharmacology and molecular docking technology
250,10.1016/j.phymed.2023.154658,Wumei Wan attenuates angiogenesis and inflammation by modulating RAGE signaling pathway in IBD: Network pharmacology analysis and experimental evidence
251,10.1016/j.phymed.2023.154762,Salidroside alleviates cognitive impairment by inhibiting ferroptosis via activation of the Nrf2/GPX4 axis in SAMP8 mice
252,10.1016/j.phymed.2023.154853,Screening the effective components of Suanzaoren decoction on the treatment of chronic restraint stress induced anxiety-like mice by integrated chinmedomics and network pharmacology
253,10.1016/j.phymed.2023.154934,"Elucidation of the mechanism of Yiqi Tongluo Granule against cerebral ischemia/reperfusion injury based on a combined strategy of network pharmacology, multi-omics and molecular biology"
254,10.1016/j.phymed.2023.154967,Guizhi Shaoyao Zhimu granules attenuate bone destruction in mice with collagen-induced arthritis by promoting mitophagy of osteoclast precursors to inhibit osteoclastogenesis
255,10.1016/j.phymed.2023.154988,Exploring the possible mechanism(s) underlying the nephroprotective effect of Zhenwu Decoction in diabetic kidney disease: An integrated analysis
256,10.1016/j.phymed.2023.155078,Multi-omics analysis reveals the mechanism of action of ophiopogonin D against pulmonary fibrosis
257,10.1016/j.phymed.2023.155135,Polyphyllin I induced ferroptosis to suppress the progression of hepatocellular carcinoma through activation of the mitochondrial dysfunction via Nrf2/HO-1/GPX4 axis
258,10.1016/j.phymed.2023.155196,Pharmacological potential of Astragali Radix for the treatment of kidney diseases
259,10.1016/j.phymed.2023.155231,Mechanisms of multi-omics and network pharmacology to explain traditional chinese medicine for vascular cognitive impairment: A narrative review
260,10.1016/j.phymed.2024.155628,Morinda Officinalis-derived extracellular vesicle-like particles: Anti-osteoporosis effect by regulating MAPK signaling pathway
261,10.1016/j.phymed.2024.155645,Integrated pharmacokinetic properties and tissue distribution of multiple active constituents in Qing-Yi Recipe: A comparison between granules and decoction
262,10.1016/j.phymed.2024.155660,"Xiaoyao Pills, a Chinese patent medicine, treats mild and moderate depression: A randomized clinical trial combined with DNA methylation analysis"
263,10.1016/j.phytochem.2021.112854,Emodin-A natural anthraquinone derivative with diverse pharmacological activities
264,10.1016/j.plaphy.2021.12.005,Bolting reduces ferulic acid and flavonoid biosynthesis and induces root lignification in Angelica sinensis
265,10.1016/j.pld.2021.11.003,Distribution patterns and industry planning of commonly used traditional Chinese medicinal plants in China
266,10.1016/j.psj.2021.101412,Effects of novel microecologics combined with traditional Chinese medicine and probiotics on growth performance and health of broilers
267,10.1016/j.redox.2022.102317,Inhibition of STAT3-ferroptosis negative regulatory axis suppresses tumor growth and alleviates chemoresistance in gastric cancer
268,10.1016/j.saa.2021.120820,Evaluating the quality consistency of Keteling capsules by three-dimensional quantum fingerprints and HPLC fingerprint
269,10.1016/j.scib.2023.06.027,Sinomenine ameliorates rheumatoid arthritis by modulating tryptophan metabolism and activating aryl hydrocarbon receptor via gut microbiota regulation
270,10.1016/j.scitotenv.2021.147605,Moderate warming will expand the suitable habitat of Ophiocordyceps sinensis and expand the area of O. sinensis with high adenosine content
271,10.1016/j.semcancer.2019.12.008,Natural products targeting the PI3K-Akt-mTOR signaling pathway in cancer: A novel therapeutic strategy
272,10.1016/j.semcancer.2021.06.019,Attacking the PI3K/Akt/mTOR signaling pathway for targeted therapeutic treatment in human cancer
273,10.1016/j.tem.2023.01.005,"Efficacy evaluation, active ingredients, and multitarget exploration of herbal medicine"
274,10.1016/j.tips.2021.11.004,Network pharmacology: curing causal mechanisms instead of treating symptoms
275,10.1016/j.tips.2022.04.003,NLRP3 and pyroptosis blockers for treating inflammatory diseases
276,10.1016/j.tplants.2022.12.007,Transcriptional regulatory network of high-value active ingredients in medicinal plants
277,10.1016/j.ymthe.2020.11.030,Plant Exosome-like Nanovesicles: Emerging Therapeutics and Drug Delivery Nanoplatforms
278,10.1016/s0140-6736(20)32511-3,Non-alcoholic fatty liver disease
279,10.1016/s0140-6736(20)32656-8,"RETRACTED: 6-month consequences of COVID-19 in patients discharged from hospital: a cohort study (Publication with Expression of Concern. See vol. 401, pg. 90, 2023) (Retracted Article)"
280,10.1016/s0140-6736(21)00312-3,Lung cancer
281,10.1016/s0140-6736(21)00519-5,Chronic kidney disease
282,10.1016/s0140-6736(21)00569-9,Gout
283,10.1016/s0140-6736(21)01374-x,Liver cirrhosis
284,10.1016/s0140-6736(22)00470-6,Chronic obstructive pulmonary disease
285,10.1016/s0140-6736(22)01200-4,Hepatocellular carcinoma
286,10.1016/s0140-6736(23)00966-2,Ulcerative colitis
287,10.1016/s0140-6736(23)01525-8,Rheumatoid arthritis
288,10.1016/s1474-4422(21)00252-0,"Global, regional, and national burden of stroke and its risk factors, 1990-2019: a systematic analysis for the Global Burden of Disease Study 2019"
289,10.1016/s1875-5364(21)60001-8,"TCM network pharmacology: A new trend towards combining computational, experimental and clinical approaches"
290,10.1016/s1875-5364(21)60046-8,"Chemical profiling of Huashi Baidu prescription, an effective anti-COVID-19 TCM formula, by UPLC-Q-TOF/MS"
291,10.1016/s1875-5364(22)60206-1,Modern research thoughts and methods on bio-active components of TCM formulae
292,10.1016/s1875-5364(23)60429-7,Network pharmacology approaches for research of Traditional Chinese Medicines
293,10.1021/acs.jafc.1c06292,Hyperoside Ameliorates DSS-Induced Colitis through MKRN1-Mediated Regulation of PPARγ Signaling and Th17/Treg Balance
294,10.1021/acs.jcim.1c00203,"AutoDock Vina 1.2.0: New Docking Methods, Expanded Force Field, and Python Bindings"
295,10.1021/acs.jctc.1c00645,gmx_MMPBSA: A New Tool to Perform End-State Free Energy Calculations with GROMACS
296,10.1021/jacs.0c10836,"A SIRT1 Activator, Ginsenoside Rc, Promotes Energy Metabolism in Cardiomyocytes and Neurons"
297,10.1038/s41392-020-00428-9,Ferroptosis: mechanisms and links with diseases
298,10.1038/s41392-021-00507-5,Pyroptosis: mechanisms and diseases
299,10.1038/s41392-022-00925-z,Signaling pathways and targeted therapy for myocardial infarction
300,10.1038/s41392-022-00955-7,Inflammation and atherosclerosis: signaling pathways and therapeutic intervention
301,10.1038/s41392-022-01064-1,Signaling pathways involved in ischemic stroke: molecular mechanisms and therapeutic interventions
302,10.1038/s41392-023-01379-7,Kidney fibrosis: from mechanisms to therapeutic medicines
303,10.1038/s41392-023-01468-7,Evolving cognition of the JAK-STAT signaling pathway: autoimmune disorders and cancer
304,10.1038/s41392-024-01757-9,NF-κB in biology and targeted therapy: new insights and translational implications
305,10.1038/s41401-020-0411-9,Baicalin prevents LPS-induced activation of TLR4/NF-κB p65 pathway and inflammation in mice via inhibiting the expression of CD14
306,10.1038/s41401-021-00781-7,Baicalein ameliorates ulcerative colitis by improving intestinal epithelial barrier via AhR/IL-22 pathway in ILC3s
307,10.1038/s41401-022-00983-7,Multi-compound and drug-combination pharmacokinetic research on Chinese herbal medicines
308,10.1038/s41422-020-00441-1,Ferroptosis: molecular mechanisms and health implications
309,10.1038/s41423-021-00740-6,NLRP3 inflammasome activation and cell death
310,10.1038/s41467-021-20959-1,Expansion within the CYP71D subfamily drives the heterocyclization of tanshinones synthesis in Salvia miltiorrhiza
311,10.1038/s41467-023-37142-3,Deficiency of gluconeogenic enzyme PCK1 promotes metabolic-associated fatty liver disease through PI3K/AKT/PDGF axis activation in male mice
312,10.1038/s41569-021-00552-1,Interplay between inflammation and thrombosis in cardiovascular pathology
313,10.1038/s41569-021-00569-6,PPAR control of metabolism and cardiovascular functions
314,10.1038/s41569-022-00735-4,The molecular and metabolic landscape of iron and ferroptosis in cardiovascular disease
315,10.1038/s41571-020-00462-0,Broadening horizons: the role of ferroptosis in cancer
316,10.1038/s41572-020-00240-3,Hepatocellular carcinoma
317,10.1038/s41573-020-00114-z,Natural products in drug discovery: advances and opportunities
318,10.1038/s41575-020-00372-7,Molecular and cellular mechanisms of liver fibrosis and its regression
319,10.1038/s41579-020-00459-7,Characteristics of SARS-CoV-2 and COVID-19
320,10.1038/s41579-020-0433-9,Gut microbiota in human metabolic health and disease
321,10.1038/s41579-022-00805-x,Bile acids and the gut microbiota: metabolic interactions and impacts on disease
322,10.1038/s41580-020-00324-8,"Ferroptosis: mechanisms, biology and role in disease"
323,10.1038/s41580-023-00585-z,Autophagy and autophagy-related pathways in cancer
324,10.1038/s41581-023-00694-0,Regulated cell death pathways in kidney disease
325,10.1038/s41582-020-00435-y,Neuroinflammation and microglial activation in Alzheimer disease: where do we go from here?
326,10.1038/s41584-022-00749-9,Synovial inflammation in osteoarthritis progression
327,10.1038/s41586-021-03392-8,The changing landscape of atherosclerosis
328,10.1038/s41586-021-03539-7,DHODH-mediated ferroptosis defence is a targetable vulnerability in cancer
329,10.1038/s41586-021-03819-2,Highly accurate protein structure prediction with AlphaFold
330,10.1038/s41592-020-01056-5,Haplotype-resolved de novo assembly using phased assembly graphs with hifiasm
331,10.1038/s41598-021-03980-8,Integrated bioinformatics and network pharmacology to identify the therapeutic target and molecular mechanisms of Huangqin decoction on ulcerative Colitis
332,10.1038/s41598-021-98925-6,Network pharmacology-based investigation of potential targets of astragalus membranaceous-angelica sinensis compound acting on diabetic nephropathy
333,10.1039/d0np00057d,Traditional Chinese medicine (TCM) as a source of new anticancer drugs
334,10.1039/d1np00071c,"Advances and challenges in ginseng research from 2011 to 2020: the phytochemistry, quality control, metabolism, and biosynthesis"
335,10.1042/bsr20202583,Network pharmacology for the identification of phytochemicals in traditional Chinese medicine for COVID-19 that may regulate interleukin-6
336,10.1042/bsr20203520,Exploring the mechanisms underlying the therapeutic effect of Salvia miltiorrhiza in diabetic nephropathy using network pharmacology and molecular docking
337,10.1053/j.gastro.2023.08.052,Traditional Medicine Pien Tze Huang Suppresses Colorectal Tumorigenesis Through Restoring Gut Microbiota and Metabolites
338,10.1073/pnas.2301775120,Bioactive compounds from Huashi Baidu decoction possess both antiviral and anti-inflammatory effects against COVID-19
339,10.1080/07391102.2020.1760136,Andrographolide as a potential inhibitor of SARS-CoV-2 main protease: an in silico approach
340,10.1080/0886022x.2022.2146512,Advances in oxidative stress in pathogenesis of diabetic kidney disease and efficacy of TCM intervention
341,10.1080/13880209.2024.2314705,Advances in Traditional Chinese Medicine research in diabetic kidney disease treatment
342,10.1080/14756366.2021.1873977,Scutellaria baicalensis extract and baicalein inhibit replication of SARS-CoV-2 and its 3C-like protease in vitro
343,10.1080/14787210.2021.1863145,Calycosin: a Review of its Pharmacological Effects and Application Prospects
344,10.1080/15548627.2020.1810918,Ferroptosis: machinery and regulation
345,10.1080/15548627.2023.2218764,"GPX4 in cell death, autophagy, and disease"
346,10.1080/19490976.2020.1848158,Gut Bacteroides species in health and disease
347,10.1080/19490976.2021.1875796,Blautia-a new functional genus with potential probiotic properties?
348,10.1093/bib/bbab106,Network-based modeling of herb combinations in traditional Chinese medicine
349,10.1093/bib/bbad027,Exploring pharmacological active ingredients of traditional Chinese medicine by pharmacotranscriptomic map in ITCM
350,10.1093/bib/bbad120,Machine learning for synergistic network pharmacology: a comprehensive overview
351,10.1093/bib/bbad518,Network pharmacology: towards the artificial intelligence-based precision traditional Chinese medicine
352,10.1093/cvr/cvaa324,Cardiac fibrosis
353,10.1093/cvr/cvac013,Global burden of heart failure: a comprehensive and updated review of epidemiology
354,10.1093/eurheartj/ehab368,2021 ESC Guidelines for the diagnosis and treatment of acute and chronic heart failure
355,10.1093/humupd/dmaa039,Plants as source of new therapies for endometriosis: a review of preclinical and clinical studies
356,10.1093/molbev/msab120,MEGA11 Molecular Evolutionary Genetics Analysis Version 11
357,10.1093/nar/gkaa1038,"RCSB Protein Data Bank: powerful new tools for exploring 3D structures of biological macromolecules for basic and applied research and education in fundamental biology, biomedicine, biotechnology, bioengineering and energy sciences"
358,10.1093/nar/gkaa1063,HERB: a high-throughput experiment- and reference-guided database of traditional Chinese medicine
359,10.1093/nar/gkaa1074,"The STRING database in 2021: customizable protein-protein networks, and functional characterization of user-uploaded gene/measurement sets"
360,10.1093/nar/gkaa1100,UniProt: the universal protein knowledgebase in 2021
361,10.1093/nar/gkaa891,Comparative Toxicogenomics Database (CTD): update 2021
362,10.1093/nar/gkaa970,KEGG: integrating viruses and cellular organisms
363,10.1093/nar/gkaa971,PubChem in 2021: new data content and improved web interfaces
364,10.1093/nar/gkab1011,HIT 2.0: an enhanced platform for Herbal Ingredients' Targets
365,10.1093/nar/gkab1062,HMDB 5.0: the Human Metabolome Database for 2022
366,10.1093/nar/gkab255,ADMETlab 2.0: an integrated online platform for accurate and comprehensive predictions of ADMET properties
367,10.1093/nar/gkab301,Interactive Tree Of Life (iTOL) v5: an online tool for phylogenetic tree display and annotation
368,10.1093/nar/gkab382,MetaboAnalyst 5.0: narrowing the gap between raw spectra and functional insights
369,10.1093/nar/gkab447,KOBAS-i: intelligent prioritization and exploratory visualization of biological functions for gene enrichment analysis
370,10.1093/nar/gkab953,Therapeutic target database update 2022: facilitating drug discovery with enriched comparative data of targeted agents
371,10.1093/nar/gkac1052,UniProt: the Universal Protein Knowledgebase in 2023
372,10.1093/nar/gkac1077,RCSB Protein Data Bank (RCSB.org): delivery of experimentally-determined PDB structures alongside one million computed structure models of proteins from artificial intelligence/machine learning
373,10.1093/nar/gkac194,DAVID: a web server for functional enrichment analysis and functional annotation of gene lists (2021 update)
374,10.1093/nar/gkac394,"CB-Dock2: improved protein ligand blind docking by integrating cavity detection, docking and homologous template fitting"
375,10.1093/nar/gkac833,Comparative Toxicogenomics Database (CTD): update 2023
376,10.1093/nar/gkac956,PubChem 2023 update
377,10.1093/nar/gkac963,KEGG for taxonomy-based analysis of pathways and genomes
378,10.1093/nar/gkad359,"Tree Visualization By One Table (tvBOT): a web application for visualizing, modifying and annotating phylogenetic trees"
379,10.1093/nar/gkad751,TTD: Therapeutic Target Database describing target druggability information
380,10.1093/nar/gkad926,BATMAN-TCM 2.0: an enhanced integrative database for known and predicted interactions between traditional Chinese medicine ingredients and target proteins
381,10.1093/nar/gkad976,DrugBank 6.0: the DrugBank Knowledgebase for 2024
382,10.1097/cm9.0000000000002108,"Cancer statistics in China and United States, 2022: profiles, trends, and determinants"
383,10.1111/bph.15350,Quercetin induces p53-independent cancer cell death through lysosome activation by the transcription factor EB and Reactive Oxygen Species-dependent ferroptosis
384,10.1111/cas.15078,Immunosuppressive activity is attenuated by Astragalus polysaccharides through remodeling the gut microenvironment in melanoma mice
385,10.1111/jfbc.13757,Astragaloside IV prevents acute myocardial infarction by inhibiting the TLR4/MyD88/NF-κB signaling pathway
386,10.1111/jpi.12812,Melatonin mitigates aflatoxin B1-induced liver injury via modulation of gut microbiota/intestinal FXR/liver TLR4 signaling axis in mice
387,10.1111/jse.12903,Assessing conservation priorities of threatened medicinal plants in China: A new comprehensive phylogenetic scoring system
388,10.1124/pharmrev.120.000096,Endothelial Dysfunction in Atherosclerotic Cardiovascular Diseases and Beyond: From Mechanism to Pharmacotherapies
389,10.1126/sciadv.adh0215,Network medicine framework reveals generic herb-symptom effectiveness of traditional Chinese medicine
390,10.1128/spectrum.03987-22,Pestalotioid Species Associated with Medicinal Plants in Southwest China and Thailand
391,10.1136/bmj.n160,PRISMA 2020 explanation and elaboration: updated guidance and exemplars for reporting systematic reviews
392,10.1136/gutjnl-2019-319664,Dietary cholesterol drives fatty liver-associated liver cancer by modulating gut microbiota and metabolites
393,10.1136/gutjnl-2020-321031,"Ginseng polysaccharides alter the gut microbiota and kynurenine/tryptophan ratio, potentiating the antitumour effect of antiprogrammed cell death 1/programmed cell death ligand 1 (anti-PD-1/PD-L1) immunotherapy"
394,10.1136/gutjnl-2021-326789,Gut microbiome and health: mechanistic insights
395,10.1142/s0192415x21500130,Intestinal Flora: A Pivotal Role in Investigation of Traditional Chinese Medicine
396,10.1142/s0192415x21500282,Efficacy of Traditional Chinese Medicine Combined with Selective Serotonin Reuptake Inhibitors on the Treatment for Parkinson's Disease with Depression: A Systematic Review and Meta-Analysis
397,10.1142/s0192415x21500907,Ginsenoside Rb1 Inhibits Cardiomyocyte Autophagy via PI3K/Akt/mTOR Signaling Pathway and Reduces Myocardial Ischemia/Reperfusion Injury
398,10.1142/s0192415x22500744,A Review of Traditional Chinese Medicine on Treatment of Diabetic Nephropathy and the Involved Mechanisms
399,10.1142/s0192415x22500756,Chinese Medicine in the Treatment of Ulcerative Colitis: The Mechanisms of Signaling Pathway Regulations
400,10.1146/annurev-biochem-030222-120000,The Art and Science of Molecular Docking
401,10.1146/annurev-immunol-081022-021207,Structural Mechanisms of NLRP3 Inflammasome Assembly and Activation
402,10.1155/2021/1497449,"Diabetic Nephropathy: Challenges in Pathogenesis, Diagnosis, and Treatment"
403,10.1155/2021/6641838,Analysis of Molecular Mechanism of Erxian Decoction in Treating Osteoporosis Based on Formula Optimization Model
404,10.1155/2021/9965906,"Exploring the Molecular Mechanism of Action of Yinchen Wuling Powder for the Treatment of Hyperlipidemia, Using Network Pharmacology, Molecular Docking, and Molecular Dynamics Simulation"
405,10.1161/cir.0000000000000950,Heart Disease and Stroke Statistics-2021 Update A Report From the American Heart Association
406,10.1161/cir.0000000000001052,Heart Disease and Stroke Statistics-2022 Update: A Report From the American Heart Association
407,10.1161/circresaha.121.318241,Cardiac Energy Metabolism in Heart Failure
408,10.1186/s10020-022-00481-w,"Glabridin, a bioactive component of licorice, ameliorates diabetic nephropathy by regulating ferroptosis and the VEGF/Akt/ERK pathways"
409,10.1186/s10020-023-00732-4,Research progress on multiple cell death pathways of podocytes in diabetic kidney disease
410,10.1186/s12915-022-01285-4,Developing long-term conservation priority planning for medicinal plants in China by combining conservation status with diversity hotspot analyses and climate change prediction
411,10.1186/s12943-023-01740-y,"Lung cancer immunotherapy: progress, pitfalls, and promises"
412,10.1186/s12943-023-01827-6,PI3K/AKT/mTOR signaling transduction pathway and targeted therapies in cancer
413,10.1186/s12951-024-02426-3,Collision of herbal medicine and nanotechnology: a bibliometric analysis of herbal nanoparticles from 2004 to 2023
414,10.1186/s12955-021-01728-6,Effect of Buyang Huanwu decoction for the rehabilitation of ischemic stroke patients: a meta-analysis of randomized controlled trials
415,10.1186/s13002-022-00544-6,"Ethnobotany of medicinal plants used by the Yao people in Gongcheng County, Guangxi, China"
416,10.1186/s13002-023-00594-4,Diversity and traditional knowledge of medicinal plants used by Shui people in Southwest China
417,10.1186/s13020-021-00423-4,Network pharmacology based research into the effect and mechanism of Yinchenhao Decoction against Cholangiocarcinoma
418,10.1186/s13020-021-00469-4,Traditional Chinese Medicine in nonalcoholic fatty liver disease: molecular insights and therapeutic perspectives
419,10.1186/s13020-021-00482-7,Traditional application and modern pharmacological research of Eucommia ulmoides Oliv.
420,10.1186/s13020-021-00539-7,Traditional Chinese Medicine for adjuvant treatment of breast cancer: Taohong Siwu Decoction
421,10.1186/s13020-021-00550-y,"A review of Chinese medicine for the treatment of psoriasis: principles, methods and analysis"
422,10.1186/s13020-022-00587-7,Efficacy and mechanisms of traditional Chinese medicine for COVID-19: a systematic review
423,10.1186/s13020-023-00764-2,Formation of a traditional Chinese medicine self-assembly nanostrategy and its application in cancer: a promising treatment
424,10.1186/s13020-023-00783-z,From Xiaoke to diabetes mellitus: a review of the research progress in traditional Chinese medicine for diabetes mellitus treatment
425,10.1186/s13020-023-00853-2,Network pharmacology: a bright guiding light on the way to explore the personalized precise medication of traditional Chinese medicine
426,10.1186/s13048-022-01080-3,Quercetin alleviates cyclophosphamide-induced premature ovarian insufficiency in mice by reducing mitochondrial oxidative stress and pyroptosis in granulosa cells
427,10.1186/s13065-023-00920-7,Quality monitoring of Shenmai injection by HPLC pharmacodynamic fingerprinting
428,10.1186/s13195-021-00779-7,"Huanglian Jiedu decoction remodels the periphery microenvironment to inhibit Alzheimer's disease progression based on the ""brain-gut"" axis through multiple integrated omics"
429,10.1212/wnl.0000000000012781,Global Epidemiology of Stroke and Access to Acute Ischemic Stroke Interventions
430,10.1371/journal.pone.0294236,SRplot: A free online platform for data visualization and graphing
431,10.1538/expanim.21-0120,Morris water maze: a versatile and pertinent tool for assessing spatial learning and memory
432,10.19852/j.cnki.jtcm.20220408.003,Integration strategy of network pharmacology in Traditional Chinese Medicine: a narrative review
433,10.21037/atm-20-8165,Exploring the mechanism of Yizhi Tongmai decoction in the treatment of vascular dementia through network pharmacology and molecular docking
434,10.2147/dddt.s316701,A Network Pharmacology-Based Investigation to the Pharmacodynamic Material Basis and Mechanisms of the Anti-Inflammatory and Anti-Viral Effect of Isatis indigotica
435,10.2147/dddt.s319260,Baicalin Alleviates Oxidative Stress and Inflammation in Diabetic Nephropathy via Nrf2 and MAPK Signaling Pathway
436,10.2147/dddt.s319786,Network Pharmacology Prediction and Molecular Docking-Based Strategy to Discover the Potential Pharmacological Mechanism of Huai Hua San Against Ulcerative Colitis
437,10.2147/dddt.s356307,Palmatine Protects Against MSU-Induced Gouty Arthritis via Regulating the NF-?B/NLRP3 and Nrf2 Pathways
438,10.2147/dmso.s299375,Emodin Ameliorates Renal Damage and Podocyte Injury in a Rat Model of Diabetic Nephropathy via Regulating AMPK/mTOR-Mediated Autophagy Signaling Pathway
439,10.2147/ndt.s302443,Traditional Chinese Formula Xiaoyaosan Alleviates Depressive-Like Behavior in CUMS Mice by Regulating PEBP1-GPX4-Mediated Ferroptosis in the Hippocampus
440,10.2174/0929867327666200713184138,Recent Research on Flavonoids and their Biomedical Applications
441,10.24272/j.issn.2095-8137.2021.056,Potential aquatic environmental risks of trifloxystrobin: Enhancement of virus susceptibility in zebrafish through initiation of autophagy
442,10.3322/caac.21654,"Cancer Statistics, 2021"
443,10.3322/caac.21657,Current treatment and recent progress in gastric cancer
444,10.3322/caac.21660,Global cancer statistics 2020: GLOBOCAN estimates of incidence and mortality worldwide for 36 cancers in 185 countries
445,10.3322/caac.21708,"Cancer statistics, 2022"
446,10.3322/caac.21763,"Cancer statistics, 2023"
447,10.3322/caac.21820,"Cancer statistics, 2024"
448,10.3322/caac.21834,Global cancer statistics 2022: GLOBOCAN estimates of incidence and mortality worldwide for 36 cancers in 185 countries
449,10.3389/fcell.2021.638366,Decoding the Mechanism of Huanglian Jiedu Decoction in Treating Pneumonia Based on Network Pharmacology and Molecular Docking
450,10.3389/fcimb.2021.728929,Pulsatilla chinensis Saponins Ameliorate Inflammation and DSS-Induced Ulcerative Colitis in Rats by Regulating the Composition and Diversity of Intestinal Flora
451,10.3389/fendo.2023.956772,Effects of TCM on polycystic ovary syndrome and its cellular endocrine mechanism
452,10.3389/fimmu.2020.609705,Research Status and Molecular Mechanism of the Traditional Chinese Medicine and Antitumor Therapy Combined Strategy Based on Tumor Microenvironment
453,10.3389/fimmu.2021.643149,Inflammasomes and Fibrosis
454,10.3389/fimmu.2021.679897,Kaempferol Alleviates Murine Experimental Colitis by Restoring Gut Microbiota and Inhibiting the LPS-TLR4-NF-κB Axis
455,10.3389/fimmu.2021.689044,Potential Implications of Quercetin in Autoimmune Diseases
456,10.3389/fimmu.2021.716469,NF-κB: At the Borders of Autoimmunity and Inflammation
457,10.3389/fimmu.2021.803037,Macrophage Polarization and Its Role in Liver Disease
458,10.3389/fimmu.2022.943321,Therapeutic application of quercetin in aging-related diseases: SIRT1 as a potential mechanism
459,10.3389/fphar.2020.618262,Integrating Network Pharmacology and Experimental Validation to Investigate the Effects and Mechanism of Astragalus Flavonoids Against Hepatic Fibrosis
460,10.3389/fphar.2021.586788,Xiaoyaosan Alleviates Hippocampal Glutamate-Induced Toxicity in the CUMS Rats via NR2B and PI3K/Akt Signaling Pathway
461,10.3389/fphar.2021.616522,Associations Between Using Chinese Herbal Medicine and Long-Term Outcome Among Pre-dialysis Diabetic Nephropathy Patients: A Retrospective Population-Based Cohort Study
462,10.3389/fphar.2021.621339,Ferulic Acid Ameliorates Atherosclerotic Injury by Modulating Gut Microbiota and Lipid Metabolism
463,10.3389/fphar.2021.624404,Yiqi Jiedu Huayu Decoction Alleviates Renal Injury in Rats With Diabetic Nephropathy by Promoting Autophagy
464,10.3389/fphar.2021.633447,Active Components and Pharmacological Effects of Cornus officinalis: Literature Review
465,10.3389/fphar.2021.638422,Astragaloside II Ameliorated Podocyte Injury and Mitochondrial Dysfunction in Streptozotocin-Induced Diabetic Rats
466,10.3389/fphar.2021.668418,"Constituents, Pharmacokinetics, and Pharmacology of Gegen-Qinlian Decoction"
467,10.3389/fphar.2021.670054,Shaoyao-Gancao Decoction Ameliorates the Inflammation State in Polycystic Ovary Syndrome Rats via Remodeling Gut Microbiota and Suppressing the TLR4/NF-κB Pathway
468,10.3389/fphar.2021.672054,Therapeutic Effects of Naringin in Rheumatoid Arthritis: Network Pharmacology and Experimental Validation
469,10.3389/fphar.2021.685002,Traditional Chinese Medicine and Colorectal Cancer: Implications for Drug Discovery
470,10.3389/fphar.2021.708636,Add-On Effect of Honeysuckle in the Treatment of Coronavirus Disease 2019: A Systematic Review and Meta-Analysis
471,10.3389/fphar.2021.714694,Houttuynia cordata Thunb: An Ethnopharmacological Review
472,10.3389/fphar.2021.763163,Si-Miao-Yong-An Decoction for Diabetic Retinopathy: A Combined Network Pharmacological and In Vivo Approach
473,10.3389/fphar.2021.771459,The Potential Application of Chinese Medicine in Liver Diseases: A New Opportunity
474,10.3389/fphar.2022.816347,Effects and Mechanisms of Taohong Siwu Decoction on the Prevention and Treatment of Myocardial Injury
475,10.3389/fphar.2022.837907,Effects of Traditional Chinese Medicine and its Active Ingredients on Drug-Resistant Bacteria
476,10.3389/fphar.2022.898955,A review for the pharmacological effects of paeoniflorin in the nervous system
477,10.3389/fphar.2022.953205,Best Practice in the chemical characterisation of extracts used in pharmacological and toxicological research-The ConPhyMP-Guidelines
478,10.3389/fphar.2022.978558,Traditional Chinese medicine prescription Shenling BaiZhu powder to treat ulcerative colitis: Clinical evidence and potential mechanisms
479,10.3389/fphar.2022.989139,"Discovering the potential active ingredients of Qi-Yu-San-Long decoction for anti-oxidation, inhibition of non-small cell lung cancer based on the spectrum-effect relationship combined with chemometric methods"
480,10.3389/fphar.2023.1130562,Understanding the role of the gut microbiome in gastrointestinal cancer: A review
481,10.3389/fphys.2022.970292,The AMPK pathway in fatty liver disease
482,10.3390/ani13030476,"Fermented Chinese Herbal Medicine Promoted Growth Performance, Intestinal Health, and Regulated Bacterial Microbiota of Weaned Piglets"
483,10.3390/ani13152510,"Effects of Traditional Chinese Herbal Feed Additive on Production Performance, Egg Quality, Antioxidant Capacity, Immunity and Intestinal Health of Laying Hens"
484,10.3390/antiox11101912,Health Benefits and Pharmacological Properties of Stigmasterol
485,10.3390/biom11070923,Kaempferol Ameliorates Oxygen-Glucose Deprivation/Reoxygenation-Induced Neuronal Ferroptosis by Activating Nrf2/SLC7A11/GPX4 Axis
486,10.3390/cells10112857,Management of Rheumatoid Arthritis: An Overview
487,10.3390/ijms22168847,Kaempferol and Kaempferide Attenuate Oleic Acid-Induced Lipid Accumulation and Oxidative Stress in HepG2 Cells
488,10.3390/ijms22179208,Cytokines and Chemokines Involved in Osteoarthritis Pathogenesis
489,10.3390/ijms222312824,The Flavonoid Biosynthesis Network in Plants
490,10.3390/ijms24010449,Lipid Peroxidation and Iron Metabolism: Two Corner Stones in the Homeostasis Control of Ferroptosis
491,10.3390/ijms24031954,Therapeutic Potential of Bioactive Components from Scutellaria baicalensis Georgi in Inflammatory Bowel Disease and Colorectal Cancer: A Review
492,10.3390/ijms24032696,CD4 T-Cell Subsets and the Pathophysiology of Inflammatory Bowel Disease
493,10.3390/molecules26113374,Diversity in Chemical Structures and Biological Properties of Plant Alkaloids
494,10.3390/molecules27082498,Health Benefits of Quercetin in Age-Related Diseases
495,10.3390/molecules27092901,Flavonoids as Potential Anti-Inflammatory Molecules: A Review
496,10.3390/molecules28135022,Dandelion (Taraxacum Genus): A Review of Chemical Constituents and Pharmacological Effects
497,10.3390/ph14010065,Chinese Herbal Medicine for the Treatment of Depression: Effects on the Neuroendocrine-Immune Network
498,10.3390/ph15050572,Network Pharmacology Approach for Medicinal Plants: Review and Assessment
499,10.3748/wjg.v27.i22.3097,Idiopathic mesenteric phlebosclerosis associated with long-term oral intake of geniposide
500,10.3892/etm.2021.10109,Antidepressant-like effects of Z-ligustilide on chronic unpredictable mild stress-induced depression in rats
501,10.3892/ijmm.2021.4996,Astragaloside IV ameliorates diabetic nephropathy in db/db mice by inhibiting NLRP3 inflammasome-mediated inflammation
502,10.5582/bst.2021.01318,The positive role of traditional Chinese medicine as an adjunctive therapy for cancer
503,10.5943/mycosphere/13/1/12,"Morphology, phylogeny, host association and geography of fungi associated with plants of Annonaceae, Apocynaceae and Magnoliaceae"
504,10.5943/mycosphere/13/1/2,Outline of Fungi and fungus-like taxa-2021
505,10.5943/mycosphere/14/1/16,Mycosphere Notes 413-448: Dothideomycetes associated with woody oil plants in China
506,10.7150/ijbs.65476,Berberine ameliorates DSS-induced intestinal mucosal barrier dysfunction through microbiota-dependence and Wnt/β-catenin pathway
507,10.7150/ijbs.68873,Atractylenolide III ameliorates Non-Alcoholic Fatty Liver Disease by activating Hepatic Adiponectin Receptor 1-Mediated AMPK Pathway
508,10.7150/thno.43895,Proteomic analysis reveals ginsenoside Rb1 attenuates myocardial ischemia/reperfusion injury through inhibiting ROS production from mitochondrial complex I
509,10.7150/thno.79876,"Cellular mitophagy: Mechanism, roles in diseases and small molecule pharmacological regulation"
